{"cameraMode":{"drawMode":0,"name":"Shaded","section":"Shading Mode"},"sceneLighting":true,"audioPlay":false,"sceneViewState":{"showFog":false,"showMaterialUpdate":false,"showSkybox":false,"showFlares":false,"showImageEffects":false,"showParticleSystems":false},"in2DMode":false,"pivot":{"x":3.9885618686676027,"y":16.454538345336915,"z":-23.434856414794923},"rotation":{"x":0.4243994355201721,"y":0.009859180077910424,"z":-0.004619909450411797,"w":0.9054096937179565},"size":0.28578585386276247,"orthographic":false}