{"cameraMode":{"drawMode":0,"name":"Shaded","section":"Shading Mode"},"sceneLighting":true,"audioPlay":false,"sceneViewState":{"showFog":false,"showMaterialUpdate":false,"showSkybox":false,"showFlares":false,"showImageEffects":false,"showParticleSystems":false},"in2DMode":false,"pivot":{"x":-5.894786834716797,"y":-18.20667839050293,"z":-13.544380187988282},"rotation":{"x":0.03737596049904823,"y":-0.9475852847099304,"z":0.2934603989124298,"w":0.12069113552570343},"size":83.06718444824219,"orthographic":false}