{"cameraMode":{"drawMode":0,"name":"Shaded","section":"Shading Mode"},"sceneLighting":true,"audioPlay":false,"sceneViewState":{"showFog":false,"showMaterialUpdate":false,"showSkybox":false,"showFlares":false,"showImageEffects":false,"showParticleSystems":false},"in2DMode":false,"pivot":{"x":0.8364078998565674,"y":0.08005526661872864,"z":-3.0738961696624758},"rotation":{"x":0.046307578682899478,"y":-0.14592790603637696,"z":0.0068396092392504219,"w":0.9881871938705444},"size":1.108411431312561,"orthographic":false}